Genus,Sp,Strain,BioSample,BioProject,Assembly,Size(Mb),GC%,Scaffolds,CDS
Caecomyces,sp.,SIG737,SAMN31425334,PRJNA530070,GCA_027248405.1,57.8365,18.9,9745,0
Piromyces,sp.,SIG733,SAMN31425330,PRJNA530070,GCA_027248865.1,65.2894,19.1,8726,0
Coemansia,sp.,RSA 1646,SAMN10872742,PRJNA519291,GCA_027478935.1,18.5172,48.4,503,6591
Coemansia,asiatica,NBRC 105413,SAMN19768543,PRJNA738968,GCA_027478445.1,17.4694,45.1,961,6370
Dispira,simplex,RSA 1455,SAMN16810843,PRJNA676426,GCA_027478255.1,39.3717,44.9,3419,10752
Spiromyces,aspiralis,RSA 2271,SAMN10864757,PRJNA519295,GCA_027478575.1,20.0852,53,10284,8881
Coemansia,sp.,RSA 25,SAMN13190349,PRJNA581164,GCA_027478835.1,11.8015,54.6,5495,6289
Coemansia,sp.,RSA 1086,SAMN19768547,PRJNA738968,GCA_027595785.1,13.2778,49.8,613,6009
Coemansia,sp.,RSA 1821,SAMN19768550,PRJNA738968,GCA_027595765.1,13.284,49.8,530,5961
Coemansia,sp.,Benny D160-2,SAMN19768546,PRJNA738968,GCA_027595805.1,18.1009,49.7,2082,6429
Coemansia,biformis,BCRC 34381,SAMN19768544,PRJNA738968,GCA_027595825.1,18.3123,62.5,4390,7026
Globomyces,sp.,JEL0801,SAMN14534833,PRJNA619749,GCA_027595885.1,16.1043,35.2,1339,6698
Thoreauomyces,humboldtii,JEL0095,SAMN14792866,PRJNA629855,GCA_027596035.1,26.3286,54.9,2118,9403
Podochytrium,sp.,JEL0797,SAMN14534840,PRJNA619745,GCA_027596195.1,32.0606,50.8,2800,12043
Geranomyces,michiganensis,JEL0563,SAMN14511933,PRJNA619733,GCA_027602005.1,23.4659,53.2,282,8389
Phlyctochytrium,planicorne,JEL0388,SAMN14511787,PRJNA619744,GCA_027600675.1,30.0103,47.3,853,10405
Phlyctochytrium,bullatum,JEL0754,SAMN14511965,PRJNA619743,GCA_027597005.1,40.1923,53.9,3230,11036
Nowakowskiella,sp.,JEL0407,SAMN14815129,PRJNA629972,GCA_027600645.1,22.6163,38.9,1173,8328
Gaertneriomyces,sp.,JEL0708,SAMN14534835,PRJNA619732,GCA_027603645.1,20.5572,49.5,198,7636
Irineochytrium,annulatum,JEL0729,SAMN14815227,PRJNA629976,GCA_027600665.1,36.8397,54.1,3480,11905
Terramyces,sp.,JEL0728,SAMN14534848,PRJNA619748,GCA_027603945.1,15.5855,39.4,410,7848
Entophlyctis,luteolus,JEL0129,SAMN14511964,PRJNA619730,GCA_027604725.1,27.6946,48,1318,9698
Boothiomyces,macroporosus,PLAUS21,SAMN14816286,PRJNA629979,GCA_027604185.1,15.7005,38.6,375,7605
Boothiomyces,sp.,JEL0838,SAMN14534844,PRJNA619751,GCA_027604245.1,12.8494,38.1,305,6264
Chytridiales,sp.,JEL 0842,SAMN14534854,PRJNA619752,GCA_027604305.1,26.9485,47.8,2018,8731
Boothiomyces,sp.,JEL0866,SAMN14534850,PRJNA619753,GCA_027604345.1,14.2413,37.8,370,7120
Rhizoclosmatium,sp.,JEL0117,SAMN14512103,PRJNA619726,GCA_027604365.1,30.5449,44.9,1724,11857
Kappamyces,sp.,JEL0829,SAMN14534849,PRJNA619750,GCA_027604465.1,11.6957,52.4,365,5512
Kappamyces,sp.,JEL0680,SAMN14534852,PRJNA619738,GCA_027604405.1,13.244,52.3,3215,7477
Entophlyctis,sp.,JEL0112,SAMN14534855,PRJNA619731,GCA_027604545.1,26.9629,48.1,1559,9626
Gonapodya,sp.,JEL0774,SAMN14569673,PRJNA619740,GCA_027604505.1,35.5952,51.1,4236,10034
Allomyces,javanicus,California 12,SAMN13165567,PRJNA581158,GCA_027604645.1,29.9273,62.4,763,9981
Allomyces,arbusculus,Burma 1F,SAMN13165476,PRJNA581157,GCA_027604705.1,26.4828,61.8,362,8889
Lobulomyces,angularis,JEL0522,SAMN14511786,PRJNA619739,GCA_027604685.1,24.9441,27.9,1253,9112
Polyrhizophydium,stewartii,JEL0888,SAMN14816300,PRJNA629982,GCA_027604665.1,23.3039,62.8,3487,8331
Borealophlyctis,nickersoniae,WJD170,SAMN14816287,PRJNA629981,GCA_027604605.1,38.3611,50.6,4487,11278
Blyttiomyces,sp.,JEL0837,SAMN14534847,PRJNA619723,GCA_027604625.1,46.4683,41.2,6591,13891
Rhizoclosmatium,hyalinum,JEL0917,SAMN14534842,PRJNA619746,GCA_027596175.1,23.4501,44.5,9669,10776
Quaeritorhiza,haematococci,JEL0916,SAMN14816274,PRJNA629978,GCA_027596845.1,48.2161,49.9,7824,13723
Physocladia,obscura,JEL0513,SAMN14815131,PRJNA629974,GCA_027596945.1,44.0899,38.8,6326,12792
Chytridiaceae,sp.,KLL_TL_06062013,SAMN14511961,PRJNA619580,GCA_027604005.1,31.5105,47.6,3354,10332
Clydaea,vesicula,JEL0476,SAMN14815130,PRJNA629973,GCA_027604065.1,24.6502,28,2291,8647
Chytriomyces,hyalinus,ARG121,SAMN14511932,PRJNA619725,GCA_027604105.1,29.5159,47.9,1197,11575
Nosema,muscidifuracis,AU001,SAMN21163217,PRJNA759334,GCA_028335825.1,14.3972,22.6,28,0
Lichtheimia,ornata,CBS 291.66,SAMN32099705,PRJNA909826,GCA_029851405.1,37.5341,43.6,603,13019
Alternosema,sp.,1,SAMN33980182,PRJNA950224,GCA_030386735.1,1.51748,55.8,611,0
Encephalitozoon,cuniculi,GB-M1,SAMEA3138295,PRJNA13833,GCA_000091225.2,2.49752,47.3005,11,2122
Rhizopus,arrhizus,Y5,SAMN26535981,PRJNA814049,GCA_024220505.1,50.2572,35.6,41,0
Allomyces,macrogynus,ATCC 38327,SAMN02953744,PRJNA20563,GCA_000151295.1,57.0606,60.5,101,19447
Spizellomyces,punctatus,DAOM BR117,SAMN00716787,PRJNA37881,GCA_000182565.2,24.1311,47.6,38,9422
Batrachochytrium,dendrobatidis,JAM81,SAMN02746048,PRJNA41157,GCA_000203795.1,23.8109,39.4,62,8386
Phycomyces,blakesleeanus,NRRL 1555(-),SAMN00189023,PRJNA61391,GCA_001638985.2,53.9392,35.9,80,16543
Podila,verticillata,NRRL 6337,SAMN00699802,PRJNA20603,GCA_000739165.1,41.9129,48.8706,56,12595
Enterocytozoon,bieneusi,H348,SAMN00017218,PRJNA21011,GCA_000209485.1,3.86074,33.7,1733,3632
Nosema,ceranae,PA08 1199,SAMN02213592,PRJNA445857,GCA_000988165.1,5.69075,25.4,536,3209
Hamiltosporidium,tvaerminnensis,FI-OER-3-3,SAMN23817943,PRJNA778105,GCA_022605425.1,21.6083,26.7,27,0
Encephalitozoon,intestinalis,ATCC 50506,SAMN03081424,PRJNA42703,GCA_000146465.1,2.2169,41.5182,11,1938
Mucor,circinelloides,JCM 22480,SAMD00028362,PRJDB3642,GCA_001599575.1,36.6165,37.6,401,0
Nematocida,parisii,ERTm1,SAMN02981274,PRJNA51843,GCA_000250985.1,4.07135,34.6,65,2661
Vavraia,culicis,floridensis,SAMN02981300,PRJNA62117,GCA_000192795.1,6.11869,39.9,379,2773
Conidiobolus,coronatus,NRRL 28638,SAMN00779232,PRJNA67455,GCA_001566745.1,39.9037,31.9,1050,10572
Coemansia,reversa,NRRL 1564,SAMN00631612,PRJNA68631,GCA_002705745.1,21.8379,45.4,346,7341
Hyaloraphidium,curvatum,SAG235-1,SAMN09070631,PRJNA460970,GCA_025558095.1,31.9266,65.1,55,15173
Zancudomyces,culisetae,COL-18-3,SAMN04488584,PRJNA311769,GCA_001969505.1,28.7004,35.363,1954,8068
Catenaria,anguillulae,PL171,SAMN05421822,PRJNA330705,GCA_002102555.1,41.3375,56,509,12763
Nosema,bombycis,CQ1,SAMN02953755,PRJNA30919,GCA_000383075.1,15.6898,32.3,1607,4468
Mortierella,alpina,CGMCC 20262,SAMN29490473,PRJNA855440,GCA_029449245.1,40.2205,50.9,28,0
Encephalitozoon,hellem,ATCC 50504,SAMN03081428,PRJNA53973,GCA_000277815.3,2.25178,43.365,12,1847
Edhazardia,aedis,USNM 41457,SAMN02981318,PRJNA65125,GCA_000230595.3,51.348,22.8,1429,4190
Rhizomucor,miehei,CAU432,SAMN02981364,PRJNA66605,GCA_000611695.1,27.4423,44.3,870,0
Spraguea,lophii,Celtic Deep,SAMN03257627,PRJNA269798,GCA_001887945.1,5.76477,23.2,390,0
Homolaphlyctis,polyrhiza,JEL142,SAMN02981350,PRJNA68115,GCA_000235945.1,26.1117,49.7,11986,0
fungal,sp.,,SAMN02981404,PRJNA77807,GCA_000292665.1,44.3721,47.1,2051,0
Blastocladiella,emersonii,ATCC 22665,SAMN15893246,PRJNA194096,GCA_025594325.1,32.6542,65.2,21,10031
Gigaspora,margarita,BEG34,SAMN12878420,PRJNA575165,GCA_009809945.1,773.099,25.6,6489,29544
Rozella,allomycis,CSF55,SAMN01940551,PRJNA81749,GCA_000442015.1,11.8593,35,1059,6350
Anncaliia,algerae,PRA339,SAMN01907312,PRJNA188095,GCA_000385875.2,12.1634,28.1,431,3598
Gigaspora,rosea,DAOM 194757,SAMN08375202,PRJNA430513,GCA_003550325.1,567.861,26.5,7499,31247
Encephalitozoon,romaleae,SJ-2008,SAMN03081437,PRJNA215743,GCA_000280035.2,2.18759,40.3432,13,1831
Nosema,apis,BRL 01,SAMN01925610,PRJNA66735,GCA_000447185.1,8.5695,18.9,554,2764
Vittaforma,corneae,ATCC 50505,SAMN02981316,PRJNA63501,GCA_000231115.1,3.21352,36.7,220,2239
Trachipleistophora,hominis,,SAMN02981473,PRJNA84343,GCA_000316135.1,8.49818,35.3,310,3212
Rhizopus,microsporus,ATCC 52813,SAMN02745869,PRJNA205957,GCA_002708625.1,25.9724,37.7,131,10890
Mucor,velutinosus,B5328,SAMN02351331,PRJNA184878,GCA_000696895.1,35.852,40.5,2411,0
Syncephalastrum,racemosum,NRRL 2496,SAMN05421883,PRJNA330704,GCA_002105135.1,30.7454,46.8,49,11121
Lichtheimia,corymbifera,B2541,SAMN02370965,PRJNA211916,GCA_000697475.1,36.6208,43.5,1176,0
Apophysomyces,trapeziformis,B9324,SAMN02351504,PRJNA184883,GCA_000696975.1,35.8408,41.9,1400,0
Apophysomyces,elegans,B7760,SAMN02351510,PRJNA184884,GCA_000696995.1,38.4676,41.7,1528,0
Cunninghamella,elegans,B9769,SAMN02351511,PRJNA184885,GCA_000697015.1,31.7435,24.5,1380,0
Rhizopus,stolonifer,B9770,SAMN02352512,PRJNA184886,GCA_000697035.1,38.026,35.5,5567,0
Saksenaea,vasiformis,B4078,SAMN02352517,PRJNA184887,GCA_000697055.1,42.5024,42.7,2417,0
Cunninghamella,bertholletiae,175,SAMN02352534,PRJNA186025,GCA_000697215.1,31.1451,24.8,883,0
Antonospora,locustae,CLX,SAMN06016424,PRJNA353563,GCA_007674295.1,3.17138,41.9831,18,0
Umbelopsis,ramanniana,AG,SAMN02745731,PRJNA196032,GCA_025399195.1,23.0771,43.2,198,9926
Linnemannia,elongata,MPI-CAGE-AA-0104,SAMN05878026,PRJNA347187,GCA_020744185.1,50.9104,48.1,79,14234
Lichtheimia,hyalospora,FSU 10163,SAMN02745970,PRJNA196074,GCA_025094155.1,33.2824,39.3,2222,12055
Backusella,circina,FSU 941,SAMN02745769,PRJNA196083,GCA_025399235.1,48.6483,34.9,1095,16996
Neoconidiobolus,thromboides,FSU 785,SAMN03003400,PRJNA196084,GCA_025603075.1,24.6356,26.6,799,8866
Basidiobolus,meristosporus,CBS 931.73,SAMN02745972,PRJNA196075,GCA_002104905.1,89.4891,42.8,1366,16110
Pseudoloma,neurophilia,MK1,SAMN02213404,PRJNA206217,GCA_001432165.1,5.24841,29.6,1603,3644
Rhizopus,delemar,RA 99-880,SAMN02953598,PRJNA13066,GCA_000149305.1,46.1489,35.8,83,17459
Gonapodya,prolifera,JEL478,SAMN02746072,PRJNA207863,GCA_001574975.1,48.7948,52.3,352,13831
Rhizophagus,irregularis,DAOM 197198,SAMN02744054,PRJNA208392,GCA_000439145.3,136.726,28.7,1111,26147
Hepatospora,eriocheir,GB1,SAMN04550297,PRJNA208659,GCA_002087885.1,4.57028,22.4,1300,2691
Oehlia,diaphana,SD1,SAMN09466958,PRJNA477348,GCA_003833135.1,170.599,0,15410,0
Glomus,cerebriforme,DAOM 227022,SAMN08364855,PRJNA430010,GCA_003550305.1,136.821,21.8,2571,21158
Mucor,irregularis,B50,SAMN02485654,PRJNA232510,GCA_000587855.1,33.9666,37.9,882,0
Umbelopsis,isabellina,WA0000067209,SAMN16393839,PRJNA668042,GCA_016758905.1,22.0557,42,60,9033
Mucor,racemosus,C,SAMN31539809,PRJNA896268,GCA_027405735.1,53.2481,32.4,55,0
Mucor,indicus,B7402,SAMN02370966,PRJNA211904,GCA_000697295.1,39.7972,35.8,3117,0
Conidiobolus,incongruus,B7586,SAMN02371512,PRJNA211906,GCA_000697335.1,93.8954,22.4,17076,0
Syncephalastrum,monosporum,B8922,SAMN02370995,PRJNA211907,GCA_000697355.1,29.5654,48.3,1284,0
Cokeromyces,recurvatus,NRRL 2243,SAMN06265828,PRJNA895886,GCA_025118155.1,28.1208,30.5,85,10915
Saksenaea,oblongispora,B3353,SAMN02370959,PRJNA211918,GCA_000697495.1,40.7543,41.9,1702,0
Lichtheimia,ramosa,KPH11,SAMN09901008,PRJNA487495,GCA_008728235.1,31.8854,41.3901,10,0
Mitosporidium,daphniae,UGP3,SAMN02714227,PRJNA292596,GCA_000760515.2,5.63507,43,610,3322
Parasitella,parasitica,NRRL 2501,SAMN05445332,PRJNA334778,GCA_025201805.1,32.7671,39.1,450,12268
Thermomucor,indicae-seudaticae,HACC 243,SAMN03070115,PRJNA261109,GCA_000787465.1,29.5709,45.8,1958,0
Ordospora,colligata,OC4,SAMN02867507,PRJNA302310,GCA_000803265.1,2.29053,38.5,15,1820
fungal,sp.,No.11243,SAMD00024929,PRJDB3453,GCA_000836255.1,21.7198,54,20,9693
Mucor,ambiguus,NBRC 6742,SAMD00019078,PRJDB3023,GCA_000950595.1,40.7375,42.4,1283,11343
Synchytrium,endobioticum,MB42,SAMN08987200,PRJNA453734,GCA_006535955.1,21.4831,46.8,786,8031
Entomophthora,muscae,Berkeley,SAMN09621101,PRJNA479887,GCA_014839935.2,1031.19,41,7810,42657
Actinomucor,elegans,CJ-6,SAMN29019881,PRJNA848933,GCA_026027325.1,36.5337,36.4,27,0
Nematocida,displodere,JUm2807,SAMN04499096,PRJNA312555,GCA_001642395.1,3.0664,49.1,42,2278
Nematocida,sp.,ERTm5,SAMN04499094,PRJNA312551,GCA_001642415.1,4.39761,33.5,186,2709
Gongronella,sp.,w5,SAMN04577815,PRJNA316183,GCA_001650995.1,34.7235,48.2,149,0
Capniomyces,stellatus,MIS-10-108,SAMN04558131,PRJNA315385,GCA_001661515.1,24.8459,37.3,72,0
Absidia,glauca,CBS 101.48 substr. RVII-324 met-,SAMEA3923633,PRJEB13349,GCA_900079185.1,48.7464,44.5,5338,14891
Choanephora,cucurbitarum,NRRL 2744,SAMN10363073,PRJNA500476,GCA_025331435.1,35.1087,37.9,600,11534
Basidiobolus,heterosporus,B8920,SAMN02371514,PRJNA211915,GCA_000697455.1,44.0538,39.7,35600,0
Amphiamblys,sp.,WSBS2006,SAMN04998954,PRJNA321520,GCA_001875675.1,5.62015,50.2,1727,3642
Smittium,mucronatum,ALG-7-W6,SAMN04489862,PRJNA311769,GCA_001953115.1,102.351,25.7,7797,8247
Smittium,culicis,GSMNP,SAMN04490176,PRJNA311769,GCA_001970855.1,77.1248,28.4,6137,12166
Batrachochytrium,salamandrivorans,AMFP13,SAMN04485880,PRJNA311566,GCA_002006685.2,73.3467,41.7,165,0
Enterocytozoon,hepatopenaei,CIBAehp1,SAMN31887655,PRJNA905897,GCA_026692725.1,3.11867,26.4,19,0
Enterospora,canceri,GB1,SAMN04589881,PRJNA316740,GCA_002087915.1,3.09538,40.2,537,2169
Anaeromyces,robustus,S4,SAMN05421914,PRJNA330692,GCA_002104895.1,71.685,16.3,1035,12833
Hesseltinella,vesiculosa,NRRL 3301,SAMN02745228,PRJNA243954,GCA_002104935.1,27.2162,46.3,114,11139
Piromyces,finnis,finn,SAMN05421903,PRJNA330696,GCA_002104945.1,56.4558,21.2,232,10978
Rhizoclosmatium,globosum,JEL800,SAMN05421919,PRJNA330693,GCA_002104985.1,57.0184,44.9,437,16987
Linderina,pennispora,ATCC 12442,SAMN02744846,PRJNA721997,GCA_002104995.1,26.2025,54.1,227,9350
Neocallimastix,californiae,G1,SAMN05428678,PRJNA262392,GCA_002104975.1,193.032,18.2,1819,20214
Lobosporangium,transversale,NRRL 3116,SAMN05421885,PRJNA396744,GCA_002105155.1,42.7689,41.6,138,11822
Absidia,repens,NRRL 1336,SAMN05421884,PRJNA330702,GCA_002105175.1,47.4229,38.2,94,14915
Pecoramyces,ruminantium,C1A,SAMN02981539,PRJNA200719,GCA_000412615.1,100.954,17,32574,0
Piromyces,sp.,E2,SAMN00788684,PRJNA82799,GCA_002157105.1,71.0191,32.5,1656,14612
Rhizophlyctis,rosea,JEL0764,SAMN14511978,PRJNA619747,GCA_027596075.1,48.1495,50.1,1457,12571
fungal,sp.,ARF18,SAMN02404587,PRJNA228950,GCA_002224055.1,46.3942,43.9,412,0
Bifiguratus,adelaidae,AZ0501,SAMN06270744,PRJNA368732,GCA_002261195.1,19.4789,47.7,563,5719
Rhizophagus,sp.,MUCL 43196,SAMN08364867,PRJNA430014,GCA_003549995.1,125.863,23.8,2757,23014
Metchnikovella,incurvata,LNA5,SAMN09479034,PRJNA477760,GCA_003600395.1,5.83509,32.8,2602,0
Blyttiomyces,helicus,Perch Fen,SAMN05443170,PRJNA332782,GCA_003614705.1,46.4689,53.8,8398,12167
Caulochytrium,protostelioides,ATCC 52028,SAMN08148457,PRJNA421608,GCA_003615045.1,21.7969,66.4,564,6168
Piptocephalis,cylindrospora,RSA 2659,SAMN05920701,PRJNA346814,GCA_003614145.1,10.7485,51.2,1381,4301
Thamnocephalis,sphaerospora,RSA 1356,SAMN09741940,PRJNA421763,GCA_003614735.1,18.2038,56,1385,6857
Syncephalis,pseudoplumigaleata,Benny S71-1,SAMN09741936,PRJNA421590,GCA_003614755.1,16.2631,56,3315,6118
Jimgerdemannia,lactiflua,OSC162217,SAMN10169340,PRJNA494432,GCA_003951145.1,179.668,44.4,45525,0
Endogone,sp.,FLAS-F59071,SAMN05444560,PRJNA331665,GCA_003990785.1,95.5527,38.9,15409,9491
Jimgerdemannia,flammicorona,GMNB39,SAMN05444478,PRJNA331664,GCA_003990745.1,239.575,42.7,33875,13535
Tubulinosema,ratisbonensis,Franzen,SAMN10180275,PRJNA494796,GCA_004000155.1,7.56042,23.1,952,3013
Acaulopage,tetraceros,T-All,SAMN10060497,PRJNA451036,GCA_004114255.1,11.1768,44.4,515,0
Zoopage,sp.,CT-All,SAMN10060499,PRJNA451036,GCA_004114245.1,13.9157,53.7,1958,0
Cochlonema,odontosperma,E-All,SAMN10060498,PRJNA451036,GCA_004114315.1,16.8412,53.7,1819,0
Zoophagus,insidians,Zi-All,SAMN10060500,PRJNA451036,GCA_004114325.1,21.009,40.8,2431,0
Hamiltosporidium,magnivora,BE-OM-2,SAMN08098114,PRJNA419750,GCA_004325065.1,20.7341,25.8,3550,4658
Diversispora,epigaea,IT104,SAMN08400201,PRJNA431769,GCA_003547095.1,156.577,25.1,731,28348
Stylopage,hadra,SOG,SAMN10861534,PRJNA451036,GCA_005111325.1,55.9545,36.7,20110,0
Capillidium,heterosporum,CGMCC 3.15857,SAMN12879746,PRJNA575207,GCA_016630905.1,29.8485,36.8,72,0
Spizellomyces,sp.,CBS 455.65,SAMN08987487,PRJNA453746,GCA_006535965.1,22.9374,47.8,213,8518
Chytriomyces,confervae,CBS 675.73,SAMN08987275,PRJNA453741,GCA_006535975.1,35.9734,47.8,2034,10712
Synchytrium,microbalum,JEL517,SAMN08987497,PRJNA576245,GCA_006535985.1,26.2442,43.7,169,6304
Powellomyces,hirtus,BR81,SAMN09070657,PRJNA460973,GCA_025526995.1,29.4283,51.5,85,9359
Massospora,cicadina,MCPNR19,SAMN24722893,PRJNA795459,GCA_022478985.1,1488.88,41.1,19694,5453
Mucor,lusitanicus,MU402,SAMN11512151,PRJNA537675,GCA_010203745.1,36.8174,42.2,24,11838
Mortierella,sp.,BCC40632,SAMN12770266,PRJNA565861,GCA_011634665.1,49.964,47.1,65,0
Syncephalastrum,contaminatum,UoMD18-1,SAMN11603257,PRJNA541789,GCA_013461545.1,26.7558,46.9,373,0
Thelohania,contejeani,T1,SAMN10523195,PRJNA513270,GCA_014805555.1,10.3819,27,1391,2865
Cucumispora,dikerogammari,Dv6,SAMN10502658,PRJNA513273,GCA_014805705.1,32.414,26.1,7783,4599
Apophysomyces,ossiformis,NRRL A-21654,SAMN10361476,PRJNA499679,GCA_014839865.1,34.0798,41.9,1141,9528
Mortierella,antarctica,KOD1229,SAMN05720774,PRJNA340822,GCA_015849325.1,35.4555,51.5,2186,10312
Haplosporangium,gracile,Z 33,SAMN05727885,PRJNA340794,GCA_015499985.1,44.9002,47.4,2797,11813
Entomortierella,lignicola,Z 36,SAMN05720451,PRJNA340793,GCA_015500005.1,35.3041,40.7,4029,10855
Dissophora,ornata,CBS 347.77,SAMN10363105,PRJNA500539,GCA_025201705.1,38.9426,48.9,2577,12578
Mortierella,sp.,GBA35,SAMN05720449,PRJNA340569,GCA_015502445.1,44.8214,48.9,3098,12283
Mortierella,sp.,14UC,SAMN05720455,PRJNA340477,GCA_015502465.1,45.1628,49.4,2792,11889
Mortierella,sp.,AD031,SAMN05720799,PRJNA340563,GCA_015502475.1,44.8171,48.9,3076,12719
Mortierella,sp.,AM989,SAMN05720439,PRJNA340567,GCA_015502455.1,40.1518,43.2,4302,11516
Mortierella,sp.,GBA39,SAMN05720493,PRJNA340570,GCA_015502485.1,50.8943,49.3,4036,15194
Actinomortierella,ambigua,BC1065,SAMN09074672,PRJNA463334,GCA_016098155.1,37.9231,51,2284,9892
Mortierella,sp.,AD010,SAMN05720791,PRJNA340560,GCA_015502575.1,38.5656,43.9,4436,11645
Haplosporangium,bisporale,Z 9,SAMN05727890,PRJNA340799,GCA_015500155.1,38.9887,48.6,11106,13339
Linnemannia,schmuckeri,CGMCC 20261,SAMN29492047,PRJNA855443,GCA_029449235.1,49.238,47.5,25,0
Haplosporangium,sp.,Z 767,SAMN05727887,PRJNA340798,GCA_015529515.1,33.5139,47,1626,9755
Haplosporangium,sp.,Z 11,SAMN05727889,PRJNA340797,GCA_015529505.1,33.5151,47,1697,9756
Haplosporangium,sp.,Z 27,SAMN05727888,PRJNA340796,GCA_015529795.1,36.1291,40.7,3995,10850
Podila,horticola,CK413,SAMN05720445,PRJNA340850,GCA_015679535.1,40.4187,49,2108,11844
Podila,minutissima,AD069,SAMN05720476,PRJNA340852,GCA_016098005.1,39.3966,49.4,3215,11885
Podila,epigama,NRRL 5512,SAMN05720443,PRJNA340841,GCA_015679605.1,32.9136,45.7,3903,10351
Entomortierella,beljakovae,KOD1040,SAMN05720775,PRJNA340823,GCA_015679585.1,37.8273,39.4,4905,11820
Mortierella,sp.,AD011,SAMN05720798,PRJNA340561,GCA_015679695.1,38.5635,43.9,4450,11587
Mortierella,sp.,NVP85,SAMN05720496,PRJNA340574,GCA_015679515.1,42.8173,49.8,5178,12136
Mortierella,sp.,AD094,SAMN05720438,PRJNA340566,GCA_015679545.1,43.8438,44.6,5229,12995
Mortierella,hygrophila,NRRL 2591,SAMN10361082,PRJNA499664,GCA_015680625.1,46.0541,48.5,1564,12256
Nosema,granulosis,Ou3-Ou53,SAMN10502582,PRJNA513271,GCA_015832245.1,8.8597,31.5,1754,3639
Linnemannia,zychae,NRRL 2592,SAMN10361244,PRJNA499697,GCA_015847235.1,45.7023,47.2,1260,11284
Entomortierella,chlamydospora,AD033,SAMN05720793,PRJNA340826,GCA_015849335.1,39.0483,44.2,3653,11098
Podila,clonocystis,AM1000,SAMN05720794,PRJNA340828,GCA_015852385.1,41.4217,48.4,2928,11687
Gryganskiella,cystojenkinii,1230,SAMN05720522,PRJNA340830,GCA_015852425.1,42.943,47.5,3044,12079
Podila,epicladia,KOD1059,SAMN05720442,PRJNA340840,GCA_015852495.1,38.0942,48.5,2579,11339
Modicella,reniformis,MES-2147,SAMN05720516,PRJNA340812,GCA_015849295.1,43.6016,46.5,12478,12900
Apophysomyces,sp.,BC1021,SAMN09083213,PRJNA463336,GCA_016097735.1,35.1396,41.6,2963,10180
Apophysomyces,sp.,BC1015,SAMN09083227,PRJNA463337,GCA_016097715.1,37.6254,42.9,3418,11400
Apophysomyces,sp.,BC1034,SAMN09083216,PRJNA463335,GCA_016097755.1,37.7671,43.1,3089,11643
Dissophora,globulifera,REB-010B,SAMN05720531,PRJNA340846,GCA_016097935.1,39.1648,50.5,2632,10413
Podila,humilis,PMI 1414,SAMN27763594,PRJNA365026,GCA_025677895.1,36.2049,48.9,523,11985
Linnemannia,gamsii,AD045,SAMN05720529,PRJNA340843,GCA_016097855.1,49.263,47.7,3359,12723
Gamsiella,multidivaricata,RSA 2152,SAMN05444556,PRJNA895883,GCA_025024155.1,37.6653,49.1,217,12229
Mortierella,sp.,NVP41,SAMN05720450,PRJNA340573,GCA_016098085.1,45.064,48.9,2509,12544
Mortierella,sp.,AD032,SAMN05720491,PRJNA340564,GCA_016098025.1,49.3029,47.4,4189,12750
Mortierella,sp.,GBA43,SAMN05720494,PRJNA340571,GCA_016098045.1,39.2482,50.6,4063,11601
Mortierella,polycephala,KOD948,SAMN05720452,PRJNA340858,GCA_016098165.1,32.6276,47.6,2595,10186
Linnemannia,exigua,NRRL 28262,SAMN05720535,PRJNA340842,GCA_016097895.1,48.1153,47.6,5084,12120
Mortierella,sp.,GBA30,SAMN05720448,PRJNA340568,GCA_016098035.1,36.9781,47.9,1938,10471
Actinomortierella,wolfii,NRRL 6351,SAMN05720777,PRJNA340479,GCA_016098105.1,34.2329,47,1180,8361
Dictyocoela,roeselum,Ou19,SAMN10502655,PRJNA515057,GCA_016255985.1,2.20598,35.4,1033,1201
Dictyocoela,muelleri,Ou54,SAMN10502583,PRJNA513274,GCA_016256075.1,41.9222,26.1,11522,6442
Geosiphon,pyriformis,uo1,SAMN14307302,PRJNA610605,GCA_016748015.1,128.32,28.4,792,23936
Umbelopsis,vinacea,WA0000051536,SAMN16393840,PRJNA668042,GCA_016758895.1,23.1823,43.1,148,9240
Thamnidium,elegans,NRRL 2467,SAMN05443592,PRJNA332251,GCA_025201345.1,34.2522,33.1,89,13090
Mucor,plumbeus,CBS 226.32,SAMN16393842,PRJNA668042,GCA_016758945.1,48.3714,31.1,5701,11690
Mucor,saturninus,WA0000017839,SAMN16393843,PRJNA668042,GCA_016758985.1,39.1718,36.6,5146,13018
Lunasporangiospora,selenospora,KOD1015,SAMN05720454,PRJNA340476,GCA_015680635.1,40.5356,47.8,8632,10951
Neocallimastix,sp.,sp3,SAMN15902602,PRJNA658393,GCA_016946835.1,200.97,18.3,969,27675
Cunninghamella,blakesleeana,AS 3.970,SAMN17718692,PRJNA698428,GCA_017871115.1,31.9446,26.6,12,0
Olpidium,bornovanus,S191,SAMN05920846,PRJNA346684,GCA_017911155.1,28.2446,58.7,13525,8476
Sanchytrium,tribonematis,X-128,SAMN16418513,PRJNA668694,GCA_018985235.1,11.6723,34.6812,3367,0
Amoeboradix,gromovi,X-113,SAMN16418512,PRJNA668693,GCA_018985225.1,10.5497,36.2855,1319,0
Rhizophagus,prolifer,CMCC/AM-1901,SAMN07303040,PRJNA392539,GCA_019425655.1,98.956,30.3,33953,0
Linnemannia,hyalina,SCG-10,SAMN19232282,PRJNA730508,GCA_019671135.1,51.5582,48.3,52,12693
Absidia,sp.,UoMAU379,SAMN14838455,PRJNA630491,GCA_019677255.1,49.4179,35.8,5383,0
Absidia,healeyae,UoMAU1,SAMN14838375,PRJNA630489,GCA_019677225.1,43.5089,38.5,2625,0
Linnemannia,amoeboidea,CBS 889.72,SAMN27177162,PRJNA817100,GCA_023091675.1,38.0842,51.5,23,0
Ambispora,leptoticha,FL130A,SAMEA8911307,PRJEB45340,GCA_910591765.1,197.202,23.6,58506,14642
Dentiscutata,heterogama,IL203A,SAMEA8911296,PRJEB45340,GCA_910591775.1,181.574,27.8,61528,16277
Acaulospora,morrowiae,CL551,SAMEA8911292,PRJEB45340,GCA_910591835.1,218.774,27.9,64585,18394
Funneliformis,caledonium,UK204,SAMEA8911289,PRJEB45340,GCA_910591825.1,146.163,26,31052,17946
Cetraspora,pellucida,FL966,SAMEA8911298,PRJEB45340,GCA_910591915.1,435.083,26,90930,22053
Dentiscutata,erythropus,MA453B,SAMEA8911297,PRJEB45340,GCA_910591965.1,293.539,28.3,73964,28764
Acaulospora,colombiana,CL356,SAMEA8911291,PRJEB45340,GCA_910592055.1,299.808,29.4,75131,14505
Ambispora,gerdemannii,MT106,SAMEA8911308,PRJEB45340,GCA_910591945.1,87.9659,28.2,19363,13690
Diversispora,eburnea,AZ414A,SAMEA8911293,PRJEB45340,GCA_910592015.1,65.1115,25.8,9803,12017
Funneliformis,mosseae,87-6 pot B 2015,SAMEA8911288,PRJEB45340,GCA_910592005.1,145.72,25.2,27134,16857
Paraglomus,occultum,IA702,SAMEA8911305,PRJEB45340,GCA_910592205.1,50.0602,36.5,8053,11385
Racocetra,fulgida,IN212,SAMEA8911301,PRJEB45340,GCA_910592135.1,295.994,28.4,105307,0
Paraglomus,brasilianum,BR232B,SAMEA8911306,PRJEB45340,GCA_910592345.1,58.4731,36.6,7115,11842
Scutellospora,calospora,AU212A,SAMEA8911302,PRJEB45340,GCA_910592325.1,147.042,26.4,50548,11479
Entrophospora,candida,(CCK) pot B 6-9,SAMEA8911304,PRJEB45340,GCA_910592215.1,69.8983,27.9,12603,16088
Entomortierella,parvispora,E1425,SAMD00246355,PRJDB10536,GCA_020891255.1,38.8861,49.4567,20,11655
Racocetra,persica,MA461A,SAMEA8911300,PRJEB45340,GCA_910592285.1,353.07,27.1,181541,0
Umbelopsis,sp.,PMI_123,SAMN05720797,PRJNA340475,GCA_021235465.1,24.6367,41.5,38,9672
Rhizophagus,sp.,LPA8_1_AMF,SAMN16522167,PRJNA670049,GCA_021464375.1,117.196,27.1,15685,0
Rhizophagus,sp.,LPA8_3_AMF,SAMN16522168,PRJNA670049,GCA_021464405.1,116.806,27.1,15743,0
Rhizophagus,sp.,LPA8_4_AMF,SAMN16522169,PRJNA670049,GCA_021464525.1,117.201,27.1,15789,0
Nematocida,major,JUm2507,SAMN13280717,PRJNA835129,GCA_021653875.1,3.78729,49,111,2415
Microsporidium,sp.,FI-F-10,SAMN14823605,PRJNA630072,GCA_021821965.1,2.20649,43.1,22,1826
Phycomyces,nitens,YXQ0117,SAMN19761724,PRJNA738810,GCA_022702545.1,48.9814,39.3,11,0
Mortierella,claussenii,NRRL 2760,SAMN10363166,PRJNA500529,GCA_022750515.1,37.4586,48.7,1499,10414
Chytridiomycetes,sp.,concoct_11,SAMN22036270,PRJNA781406,GCA_023347005.1,9.03726,42.1,539,0
fungal,sp.,concoct_113,SAMN22036267,PRJNA781406,GCA_023347065.1,5.04469,32.5,609,0
Lichtheimia,sp.,PT1902,SAMN27964199,PRJNA833221,GCA_023629895.1,34.9346,43.6,1372,0
Syncephalastrum,sp.,PYS2703,SAMN27964217,PRJNA833221,GCA_023630315.1,28.2622,48.1,793,0
Syncephalastrum,sp.,PYS2702,SAMN27964216,PRJNA833221,GCA_023630325.1,28.2676,48.1,895,0
Circinella,minor,CBS 143.56,SAMN16393841,PRJNA668042,GCA_016758965.1,54.1796,31.8,10557,14144
Pancytospora,philotis,JUm1505,SAMN13280715,PRJNA579982,GCA_023647555.1,4.2267,54.9,275,2836
Mucor,piriformis,,SAMEA9202734,PRJEB53003,GCA_943193625.1,34.942,37.0492,8,0
Backusella,sp.,UoMAU9,SAMN11812588,PRJNA544350,GCA_024139495.1,46.1128,0,1840,0
Backusella,psychrophila,UoMAU55,SAMN11812590,PRJNA544350,GCA_024139485.1,45.156,0,2051,0
Backusella,mclennaniae,UoMAU11,SAMN11812589,PRJNA544350,GCA_024139405.1,46.4081,0,2119,0
Backusella,tarrabulga,UoMAU5,SAMN11812591,PRJNA544350,GCA_024139415.1,47.3446,0,2526,0
Backusella,morwellensis,UoMAU16,SAMN11812592,PRJNA544350,GCA_024139395.1,48.3847,0,2949,0
Backusella,liffmaniae,UoMAU58,SAMN11812596,PRJNA544350,GCA_024140265.1,44.962,0,3206,0
Backusella,luteola,UoMAU6,SAMN11812598,PRJNA544350,GCA_024140195.1,47.9533,0,3540,0
Backusella,australiensis,UoMAU90,SAMN11812593,PRJNA544350,GCA_024140565.1,47.5946,0,3192,0
Backusella,parvicylindrica,UoMAU35,SAMN11812599,PRJNA544350,GCA_024140155.1,47.8416,0,4332,0
Backusella,westeae,UoMAU4,SAMN11812594,PRJNA544350,GCA_024140375.1,48.3484,0,4172,0
Backusella,tuberculispora,UoMAU80,SAMN11812597,PRJNA544350,GCA_024140245.1,57.6975,0,5511,0
Backusella,macrospora,UoMAU7,SAMN11812600,PRJNA544350,GCA_024139275.1,56.3327,0,5407,0
Pleurotus,ostreatus/Saccharomyces,D1-P,SAMN23459970,PRJNA783992,GCA_024196135.1,51.5755,57.7,4645,0
Nematocida,sp.,LUAm3,SAMN13280720,PRJNA579982,GCA_024243985.1,3.09217,38.2,38,2274
Nematocida,sp.,AWRm79,SAMN13280733,PRJNA579982,GCA_024243935.1,4.34913,33.4,341,2804
Nematocida,sp.,LUAm2,SAMN13280719,PRJNA579982,GCA_024244025.1,3.0628,38.2,42,2251
Enteropsectra,breve,JUm2551,SAMN13280713,PRJNA579982,GCA_024243835.1,6.01612,36.4,645,3531
Nematocida,sp.,AWRm80,SAMN13280734,PRJNA579982,GCA_024244045.1,3.17162,36.6,45,2159
Nematocida,sp.,LUAm1,SAMN13280718,PRJNA579982,GCA_024244035.1,3.08077,38.2,53,2269
Nematocida,sp.,AWRm77,SAMN13280735,PRJNA579982,GCA_024244115.1,3.36173,46.2,84,2197
Nematocida,minor,JUm1510,SAMN13280712,PRJNA835129,GCA_024244105.1,3.74243,41.3,138,2523
Nematocida,homosporus,JUm1504,SAMN13280716,PRJNA835129,GCA_024244095.1,4.28242,41,183,2544
Nematocida,sp.,AWRm78,SAMN13280732,PRJNA579982,GCA_024244055.1,4.33133,33.4,328,2793
Pancytospora,epiphaga,JUm1396,SAMN13280714,PRJNA579982,GCA_024243955.1,4.5949,35.8,961,2966
Nematocida,ausubeli,ERTm6,SAMN00779735,PRJNA82177,GCA_000738915.1,4.27604,38.4,24,2433
Gilbertella,persicaria,CBS 190.32,SAMN06296463,PRJNA895887,GCA_025201335.1,25.7325,37.1,125,10989
Kickxella,alabastrina,RSA 675,SAMN06264465,PRJNA895884,GCA_025024165.1,22.263,48.9,215,7284
Circinella,umbellata,NRRL1351,SAMN05444945,PRJNA331974,GCA_025093555.1,51.2701,32.6,313,14692
Spinellus,fusiger,NRRL 22323,SAMN05445128,PRJNA332244,GCA_025094145.1,38.1985,38,217,10138
Mucor,mucedo,NRRL 3635,SAMN10864749,PRJNA895885,GCA_025094135.1,46.0869,36.7,455,14050
Halteromyces,radiatus,CBS 162.75,SAMN06265869,PRJNA895888,GCA_025201355.1,26.2156,33.3,22,10174
Gongronella,butleri,CBS 227.36,SAMN05444557,PRJNA331668,GCA_025201375.1,33.0125,48.4,112,11000
Syncephalis,plumigaleata,NRRL S24,SAMN05445192,PRJNA332252,GCA_025201365.1,32.9077,40.7,438,8032
Fennellomyces,sp.,T-0311,SAMN05878226,PRJNA345712,GCA_025266875.1,45.8973,44.1,236,14105
Chlamydoabsidia,padenii,NRRL 2977,SAMN05444558,PRJNA331669,GCA_025330725.1,34.3282,39,117,13489
Mortierella,sp.,GBAus27b,SAMN17674856,PRJNA697205,GCA_025330735.1,44.9718,50.7,140,13923
Radiomyces,spectabilis,NRRL 2753,SAMN06266976,PRJNA895889,GCA_025331425.1,30.4094,43.5,36,10886
Blakeslea,trispora,NRRL 2456,SAMN05444963,PRJNA334931,GCA_025331445.1,37.5139,37.5,328,11686
Blastocladiella,britannica,JEL711,SAMN05444061,PRJNA331555,GCA_025349905.2,19.0753,58.7,1504,9427
Martensiomyces,pterosporus,CBS 209.56,SAMN02841237,PRJNA251778,GCA_025201845.1,19.8158,55.7,529,8382
Chytriomyces,sp.,MP71,SAMN05519258,PRJNA331557,GCA_025201725.1,36.3838,49.5,2073,16049
Chytriomyces,cf.,JEL632,SAMN05920684,PRJNA346871,GCA_025435555.1,38.1034,47.9,294,15515
Ramicandelaber,brevisporus,CBS 109374,SAMN02841238,PRJNA251765,GCA_025201865.1,25.531,49,1262,9222
Globomyces,pollinis-pini,Arg68,SAMN05444513,PRJNA331560,GCA_025399215.1,21.6466,35.2,1155,11534
Chytridium,lagenaria,Arg66,SAMN05444510,PRJNA331556,GCA_025449115.1,42.3809,45.3,446,14273
Geranomyces,variabilis,JEL0389,SAMN14511785,PRJNA619735,GCA_027603065.1,24.1367,54.3,178,8866
Mycotypha,africana,NRRL 2978,SAMN05445191,PRJNA926527,GCA_025528875.1,29.2029,38.2,40,10914
Pilobolus,umbonatus,NRRL 6349,SAMN05444670,PRJNA331830,GCA_025528865.1,34.7727,37.1,496,10981
Rhizopus,sp.,PT2906,SAMN27964214,PRJNA833221,GCA_025529335.1,50.2055,36.7,2375,0
Entophlyctis,helioformis,JEL805,SAMN05444511,PRJNA331558,GCA_025526915.1,30.9152,60,792,10117
Cladochytrium,replicatum,JEL 714,SAMN05877945,PRJNA346872,GCA_025526935.1,50.6659,47.9,216,16305
Gorgonomyces,haynaldii,MP57,SAMN10363223,PRJNA500838,GCA_025526955.1,13.9834,45.8,27,7898
Fimicolochytrium,jonesii,JEL569,SAMN10865777,PRJNA926496,GCA_025526975.1,30.6192,53.8,57,10067
Gaertneriomyces,semiglobifer,Barr 43,SAMN05444512,PRJNA331559,GCA_025558075.1,20.9182,49.5,77,8713
Paraphysoderma,sedebokerense,JEL821,SAMN05892242,PRJNA347199,GCA_025602915.1,27.8761,41.2,379,10857
Phlyctochytrium,arcticum,BR59,SAMN09075414,PRJNA463939,GCA_025602905.1,31.5482,48.5,103,10962
Polychytrium,aggregatum,JEL109,SAMN05920836,PRJNA926528,GCA_025602895.1,64.9171,57.3,461,10686
Piptocephalis,tieghemiana,RSA 1565,SAMN27763651,PRJNA470435,GCA_025603285.1,18.5503,51.8,214,5811
Umbelopsis,sp.,AD052,SAMN05519192,PRJNA331671,GCA_025677805.1,22.5043,43.1,67,9365
Phascolomyces,articulosus,RSA 2281,SAMN05443255,PRJNA331828,GCA_025677815.1,47.6058,33.6,150,14494
Helicostylum,pulchrum,RSA 2064,SAMN10362792,PRJNA500399,GCA_025677825.1,32.7273,34.2,233,12793
Sporodiniella,umbellata,MES 1446,SAMN06267017,PRJNA367753,GCA_025677835.1,26.2359,37.2,297,10779
Cunninghamella,echinulata,NRRL 1382,SAMN05878412,PRJNA347074,GCA_025201675.1,29.0024,26.5,2567,10442
Dichotomocladium,elegans,RSA 919-,SAMN06265870,PRJNA364359,GCA_025716815.1,39.778,46.3,185,12391
Pilaira,anomala,RSA1997,SAMN05444685,PRJNA335142,GCA_025716855.1,34.8981,32.5,359,12813
Obelidium,mucronatum,JEL802,SAMN05443010,PRJNA333499,GCA_025765595.1,49.4585,44.9,905,15460
Zopfochytrium,polystomum,WB228,SAMN09070748,PRJNA460969,GCA_025765615.1,81.1925,53.3,943,16588
Coemansia,mojavensis,RSA 71,SAMN06264951,PRJNA364360,GCA_025766245.1,14.2914,49.9,55,6859
Coemansia,spiralis,RSA 1278,SAMN06265336,PRJNA363761,GCA_025766305.1,18.932,46.5,34,7246
Benjaminiella,poitrasii,RSA 903,SAMN27763750,PRJNA522477,GCA_025766325.1,32.5047,35.1,20,11659
Zychaea,mexicana,RSA 1403,SAMN05444742,PRJNA926531,GCA_025766255.1,50.6386,42.1,357,13991
Rhizomucor,pusillus,,SAMEA103954420,PRJEB17639,GCA_900175165.2,25.6355,45,705,0
Apophysomyces,variabilis,NCCPF 102052,SAMN06603527,PRJNA379216,GCA_002749535.1,39.3223,41,411,0
Paramicrosporidium,saccamoebae,KSL3,SAMN05861576,PRJNA331101,GCA_002794465.1,7.19147,47.4181,222,3766
Furculomyces,boomerangus,AUS-77-4,SAMN05412446,PRJNA329411,GCA_003086725.1,28.123,31.7,1312,7338
Smittium,simulii,SWE-8-4,SAMN05412451,PRJNA329411,GCA_003086735.1,43.8966,26.4,1130,6519
Smittium,megazygosporum,SC-DP-2,SAMN05412450,PRJNA329411,GCA_003086715.1,43.532,29.4,3927,7132
Smittium,angustum,AUS-126-30,SAMN05412443,PRJNA329411,GCA_003097675.1,28.0454,31.8,1283,7385
Rhizophagus,clarus,HR1,SAMD00190756,PRJDB8680,GCA_015698045.1,146.836,27.8,360,32541
Rhizopus,azygosporus,CBS 357.93,SAMN08014123,PRJNA418064,GCA_003325435.1,39.023,37.1,5775,15894
